last_edited_by,date_added,last_edited_date,vessel_id,vessel_name,flag_country,vessel_company,tonnage,length_overall,vessel_type
Olokun Daramola,2034-05-18,2034-09-20,wavewranglerc2d,Wave Wrangler,Oceanus,"Roth, Logan and Moreno",700,110,Fishing
Harvey Janus,2034-01-03,2034-05-19,yellowfintunataker08b,Yellowfin Tuna Taker,Oceanus,Brown-Haas,4500,110,Fishing
juniorshurdlu794,2034-07-30,2034-08-16,webigailba7,Webigail,Oceanus,Unknown,NA,50,Other
Harvey Janus,2034-12-22,2035-03-29,arcticgraylingangler094,Arctic Grayling Angler,Oceanus,"Smith, Davis and Acosta",1500,80,Fishing
Harvey Janus,2034-03-11,2034-07-23,anchovyassaulterb1c,Anchovy Assaulter,Oceanus,Cisneros-Meyer,400,60,Fishing
Junior Shurdlu,2034-08-15,2034-11-01,oceanreaper44a,Ocean Reaper,Oceanus,FlounderLeska Marine BV,300,50,Fishing
Junior Shurdlu,2033-10-14,2034-02-28,herringharpooner843,Herring Harpooner,Oceanus,House Group,7400,130,Fishing
Harvey Janus,2033-06-14,2033-09-10,halibuthunterd84,Halibut Hunter,Oceanus,Weaver-Baker,100,10,Fishing
Harvey Janus,2033-11-15,2034-01-16,brooktroutbuccaneerc0b,Brook Trout Buccaneer,Oceanus,"Stewart, Perkins and Sanchez",6500,90,Fishing
juniorshurdlu794,2034-04-17,2034-05-19,venerable89c,Venerable,Oceanus,Unknown,NA,NA,Ferry_Passenger
Jack Inch,2033-08-01,2033-08-16,groupergrabber60d,Grouper Grabber,Oceanus,ScaniaSeafood Holdings Ltd. Liability Co,600,70,Fishing
Jack Inch,2034-04-09,2034-06-11,welscatfishwrangler6ae,Wels Catfish Wrangler,Oceanus,Mccormick Group,10800,120,Fishing
Jack Inch,2034-03-04,2034-04-03,skipjacktunatakerf85,Skipjack Tuna Taker,Oceanus,Parks Ltd,7100,110,Fishing
Junior Shurdlu,2035-01-01,2035-01-16,seawaysavvy9847,Seaway Savvy 9,Osterivaro,Unknown,2100,90,Cargo_Vessel
Melinda Manning,2034-04-17,2034-06-14,pacificcodcapturer81c,Pacific Cod Capturer,Oceanus,Taylor-Sawyer,200,40,Fishing
Melinda Manning,2034-10-06,2035-02-10,bluefishbandit8ec,Bluefish Bandit,Oceanus,Parks Ltd,2800,90,Fishing
Melinda Manning,2035-02-01,2035-02-17,maritimemaelstromc5d,Maritime Maelstrom,Helvoris,Unknown,76300,230,Cargo_Vessel
Melinda Manning,2034-09-18,2035-02-13,europeanperchpirated9b,European Perch Pirate,Oceanus,"Nielsen, Valentine and Bell",700,50,Fishing
Olokun Daramola,2034-05-02,2034-09-07,whitefishwrangler7df,Whitefish Wrangler,Oceanus,Jacobson Inc,2100,60,Fishing
juniorshurdlu794,2033-11-22,2034-04-20,sturdyd7f,Sturdy,Oceanus,Unknown,NA,NA,Ferry_Cargo
Jack Inch,2033-10-06,2033-11-19,longfintunalooterf32,Longfin Tuna Looter,Oceanus,House Group,4900,80,Fishing
Melinda Manning,2033-10-11,2033-10-30,plaicepirate8c6,Plaice Pirate,Oceanus,Ballard-Bailey,400,70,Fishing
Olokun Daramola,2034-03-12,2034-03-30,pikeplunderer0ca,Pike Plunderer,Oceanus,Steele PLC,3800,120,Fishing
Harvey Janus,2033-12-06,2033-12-28,albacoreangler47d,Albacore Angler,Oceanus,WestRiver Shipping KgaA,800,50,Fishing
Junior Shurdlu,2033-12-08,2033-12-29,pikepirate89a,Pike Pirate,Oceanus,"Robinson, Mcmillan and Watson",14400,160,Fishing
Junior Shurdlu,2034-07-13,2034-08-14,flatheadcatfishfindera51,Flathead Catfish Finder,Oceanus,Lowery-Myers,2100,100,Fishing
Junior Shurdlu,2035-02-15,2035-05-04,burbotbandit7bf,Burbot Bandit,Oceanus,"Robinson, Mcmillan and Watson",6700,70,Fishing
Melinda Manning,2033-08-06,2033-11-22,clamclaimer13d,Clam Claimer,Oceanus,Dyer-Campbell,5200,100,Fishing
Olokun Daramola,2034-02-12,2034-04-18,neptunesnete8c,Neptune's Net,Oceanus,Adkins LLC,11500,150,Fishing
Junior Shurdlu,2033-10-26,2033-12-24,shrimpshooter91c,Shrimp Shooter,Oceanus,BaringoAmerica Marine Ges.m.b.H.,1300,30,Fishing
Harvey Janus,2033-08-13,2033-11-10,aquaticangler5c3,Aquatic Angler,Oceanus,"Terry, Smith and Lyons",3900,40,Fishing
Jack Inch,2034-05-15,2034-07-26,blackbullheadbandit801,Black Bullhead Bandit,Oceanus,Schmidt Ltd,500,60,Fishing
Melinda Manning,2033-12-28,2034-05-07,turbottakerd86,Turbot Taker,Oceanus,Brown-Haas,600,70,Fishing
Junior Shurdlu,2034-06-27,2034-10-25,seaswindler255,Sea Swindler,Helixia,Mccormick Group,4500,110,Fishing
Melinda Manning,2034-02-19,2034-03-08,atlanticbluemarlinmarauder0b4,Atlantic Blue Marlin Marauder,Oceanus,Ritter Ltd,3900,50,Fishing
Harvey Janus,2034-01-14,2034-04-19,laketroutlooter534,Lake Trout Looter,Oceanus,Ritter Ltd,4900,100,Fishing
Junior Shurdlu,2033-07-13,2033-09-07,dolphindasher004,Dolphin Dasher,Oceanus,Decker PLC,5700,90,Fishing
Olokun Daramola,2034-10-26,2034-11-07,oceanicoracle9da,Oceanic Oracle,Ariuzima,Unknown,2300,90,Cargo_Vessel
juniorshurdlu794,2033-12-03,2034-01-04,stout369,Stout,Oceanus,Unknown,NA,NA,Ferry_Cargo
Melinda Manning,2033-07-28,2033-09-02,tidetamerbe1,Tide Tamer,Oceanus,"Faulkner, Shaffer and Moyer",600,30,Fishing
Jack Inch,2033-07-09,2033-08-26,mackerelmarauder2d4,Mackerel Marauder,Oceanus,Brown-Allen,300,20,Fishing
Olokun Daramola,2034-10-13,2035-03-09,grasspickerelgangster7d1,Grass Pickerel Gangster,Oceanus,"Bell, Reynolds and Forbes",11800,120,Fishing
Harvey Janus,2035-02-20,2035-03-03,harborharmonyfc9,Harbor Harmony,Alverovia,Unknown,71000,150,Cargo_Vessel
Melinda Manning,2033-07-21,2033-10-19,barracudabaiter8b3,Barracuda Baiter,Oceanus,French Ltd,100,40,Fishing
Olokun Daramola,2035-01-26,2035-02-15,nauticalnomada36,Nautical Nomad,Oceanterra,Saltwater Sisters Company Marine,14300,90,Cargo_Vessel
Melinda Manning,2033-12-03,2034-04-02,wavewarrior5d7,Wave Warrior,Oceanus,Rivera Group,6300,150,Fishing
Olokun Daramola,2034-11-07,2034-11-19,cargocatalyst39a7,Cargo Catalyst 3,Ariuzima,Unknown,29200,120,Cargo_Vessel
Olokun Daramola,2034-06-18,2034-08-25,bluemarlinbandit292,Blue Marlin Bandit,Islavaragon,Bowers Group,200,50,Fishing
Melinda Manning,2034-05-31,2034-09-19,longnosesuckerseeker6ab,Longnose Sucker Seeker,Oceanus,MonarchCreek Shipping S.p.A.,300,30,Fishing
Olokun Daramola,2034-10-22,2034-11-21,halibuthero9b9,Halibut Hero,Oceanus,Mendez-Tyler,1800,60,Fishing
Harvey Janus,2034-04-26,2034-06-04,marinemarauder8c9,Marine Marauder,Oceanus,"Nielsen, Valentine and Bell",17200,180,Fishing
Melinda Manning,2033-12-03,2034-04-03,yellowperchpiratec59,Yellow Perch Pirate,Oceanus,Dyer-Campbell,3100,90,Fishing
Junior Shurdlu,2033-12-15,2034-04-11,inquisitive8c0,Inquisitive,Oceanus,Unknown,NA,NA,Research
Harvey Janus,2034-11-02,2035-01-25,pompanoplunderere5d,Pompano Plunderer,Oceanus,Ballard-Bailey,400,60,Fishing
Melinda Manning,2033-12-13,2034-02-21,herringhunter30b,Herring Hunter,Oceanus,"Mooney, Stevenson and Miller",2400,90,Fishing
Harvey Janus,2034-09-13,2034-10-23,musselmaster8d8,Mussel Master,Wysterion,Garcia-Wallace,2200,70,Fishing
Olokun Daramola,2034-11-11,2035-01-13,speckledtroutsaboteur509,Speckled Trout Saboteur,Oceanus,Cox-Mason,9400,100,Fishing
Junior Shurdlu,2034-01-05,2034-03-06,swordfishswindler37b,Swordfish Swindler,Oceanus,Mendez-Tyler,4000,90,Fishing
Melinda Manning,2034-09-20,2034-11-21,sharkshooterd66,Shark Shooter,Oceanus,Garcia-Sanchez,4500,70,Fishing
Jack Inch,2033-10-16,2033-11-13,marlinmaster8ab,Marlin Master,Kondarica,"Bell, Reynolds and Forbes",7800,120,Fishing
Melinda Manning,2033-10-02,2034-01-26,mackerelmariner70c,Mackerel Mariner,Oceanus,Sutton PLC,4200,80,Fishing
Harvey Janus,2034-02-11,2034-04-02,pollockpirate212,Pollock Pirate,Oceanus,"Nielsen, Valentine and Bell",2100,90,Fishing
Jack Inch,2034-08-25,2034-11-25,perchpursuer982,Perch Pursuer,Oceanus,"Rasmussen, Nelson and King",11400,140,Fishing
Melinda Manning,2033-09-30,2034-02-14,rainbowtroutraider4d0,Rainbow Trout Raider,Uziland,Cisneros-Meyer,4900,90,Fishing
Harvey Janus,2034-12-02,2034-12-22,vesselvertexa2e,Vessel Vertex,Uzifrica,Unknown,76300,230,Cargo_Vessel
Harvey Janus,2034-08-27,2034-10-18,skipjacktunaseeker76c,Skipjack Tuna Seeker,Oceanus,Cisneros-Meyer,800,30,Fishing
Melinda Manning,2033-07-23,2033-10-10,haddockhawkb7c,Haddock Hawk,Oceanus,Garcia-Sanchez,1100,50,Fishing
Olokun Daramola,2034-01-02,2034-03-26,catchcruisera94,Catch Cruiser,Oceanus,"Brown, Clarke and Martinez",100,30,Fishing
Junior Shurdlu,2034-11-20,2035-03-12,bigeyetunabuccaneera16,Bigeye Tuna Buccaneer,Calabrand,Gomez-Mccormick,300,30,Fishing
Olokun Daramola,2034-08-31,2034-09-21,codfather685,Codfather,Oceanus,Solis-Lopez,1700,110,Fishing
Melinda Manning,2035-02-20,2035-05-11,cohosalmoncapturera7b,Coho Salmon Capturer,Oceanus,"Faulkner, Shaffer and Moyer",100,10,Fishing
Jack Inch,2034-06-03,2034-08-22,largemouthbasslooterf95,Largemouth Bass Looter,Oceanus,Solis-Lopez,200,40,Fishing
Melinda Manning,2034-09-22,2034-10-08,snappersnatcher7be,Snapper Snatcher,Oceanus,SouthSeafood Express Corp,100,20,Fishing
Olokun Daramola,2034-05-27,2034-07-20,malta8cc,Malta,Oceanus,"Clark, Hall and Cole",200,40,Fishing
Harvey Janus,2034-06-15,2034-08-15,hooklinesinkera2d,"Hook, Line & Sinker",Oceanus,Cox-Donovan,3200,110,Fishing
Melinda Manning,2033-12-06,2034-03-11,redfinpickerelraider744,Redfin Pickerel Raider,Solterrix,Solis PLC,900,80,Fishing
Jack Inch,2033-11-18,2034-01-11,tigermuskellungemaster012,Tiger Muskellunge Master,Oceanus,Newton-Meyer,5100,90,Fishing
Junior Shurdlu,2033-07-05,2033-10-11,sockeyesalmonseekerb95,Sockeye Salmon Seeker,Kethilim,Mcpherson-Wright,6600,90,Fishing
Melinda Manning,2034-09-29,2034-10-13,trouttracker43b,Trout Tracker,Oceanus,"Cordova, Ritter and Flores",2400,90,Fishing
Junior Shurdlu,2033-12-19,2034-02-17,atlanticcodcatcherca6,Atlantic Cod Catcher,Oceanus,"Miller, Smith and Reed",6200,80,Fishing
Harvey Janus,2035-01-26,2035-02-10,fishtracker03e,Fish Tracker,Oceanus,Barnes and Sons,3800,90,Fishing
Jack Inch,2034-03-09,2034-06-03,flukefinder28d,Fluke Finder,Oceanus,Gomez-Mccormick,1200,50,Fishing
Junior Shurdlu,2033-07-08,2033-10-12,chumsalmoncatcher41e,Chum Salmon Catcher,Oceanus,"Mooney, Stevenson and Miller",2300,50,Fishing
Harvey Janus,2034-11-17,2034-12-15,saltyskippera9e,Salty Skipper,Oceanus,Weaver-Baker,4400,80,Fishing
Harvey Janus,2034-07-26,2034-11-01,perchplundererbc0,Perch Plunderer,Oceanus,"Bennett, Jones and Miller",600,70,Fishing
Harvey Janus,2033-06-28,2033-09-04,stripedbassseeker80c,Striped Bass Seeker,Oceanus,"Mercado, French and Graham",3300,90,Fishing
Junior Shurdlu,2035-01-30,2035-04-14,gurnardgrabberd9a,Gurnard Grabber,Oceanus,Schmidt Ltd,300,80,Fishing
juniorshurdlu794,2034-07-30,2034-11-06,dewie961,Dewie,Oceanus,Unknown,NA,75,Other
Junior Shurdlu,2033-12-08,2034-01-28,swordfishsaboteur22f,Swordfish Saboteur,Oceanus,Brewer-Massey,11100,110,Fishing
Harvey Janus,2034-11-03,2034-12-21,whitingwrangler842,Whiting Wrangler,Oceanus,Norman LLC,800,90,Fishing
Jack Inch,2034-11-02,2034-11-17,vesselventuredfa,Vessel Venture,Faraluna,Unknown,7900,210,Cargo_Vessel
Harvey Janus,2034-03-23,2034-06-08,carpcatcher3f4,Carp Catcher,Oceanus,Wiley LLC,1700,110,Fishing
Junior Shurdlu,2034-07-01,2034-11-09,himarkroyal032,Himark Royal,Oceanus,Unknown,NA,NA,Tour
Junior Shurdlu,2034-11-28,2035-04-06,mrray9c4,Mr. Ray,Oceanus,Unknown,NA,NA,Tour
Jack Inch,2034-03-31,2034-05-13,whelkwrangler9ac,Whelk Wrangler,Oceanus,WestRiver Shipping KgaA,7100,110,Fishing
Clepper Jessen,2034-10-01,2035-02-19,manatee17ea,Manatee 1,Oceanus,Unknown,NA,NA,Tour
juniorshurdlu794,2035-01-03,2035-05-18,hewey2ef,Hewey,Oceanus,Unknown,NA,75,Other
Olokun Daramola,2034-05-28,2034-06-27,tenchtaker595,Tench Taker,Kondanovia,"Davis, Harris and West",3900,60,Fishing
Harvey Janus,2034-09-26,2034-10-08,pinksalmonpirate2a3,Pink Salmon Pirate,Oceanus,Ritter Ltd,200,30,Fishing
Olokun Daramola,2035-02-13,2035-03-02,seasentinel1c4b,Sea Sentinel 1,Anderia del Mar,Unknown,76300,230,Cargo_Vessel
Jack Inch,2035-02-06,2035-02-25,maritimematrix7755,Maritime Matrix 7,Alverossia,Unknown,38800,120,Cargo_Vessel
Harvey Janus,2034-11-24,2034-12-13,maritimemajesticeb7,Maritime Majestic,Merigrad,Unknown,3800,90,Cargo_Vessel
Harvey Janus,2034-02-26,2034-06-29,bluecatfishcatcher468,Blue Catfish Catcher,Oceanus,Goodman LLC,7800,120,Fishing
Harvey Janus,2034-04-24,2034-05-04,carpcapturer993,Carp Capturer,Oceanus,"Reid, Thomas and Gill",100,10,Fishing
Melinda Manning,2034-08-07,2034-12-01,goldfishgrabber270,Goldfish Grabber,Oceanus,Henry-Alvarez,4200,140,Fishing
Harvey Janus,2033-11-05,2034-02-25,soleseeker47a,Sole Seeker,Oceanus,Mccormick Group,6200,80,Fishing
Olokun Daramola,2033-09-24,2033-11-15,whitefishwhisperer6df,Whitefish Whisperer,Oceanus,Lane Group,3600,70,Fishing
Melinda Manning,2034-01-31,2034-03-11,cutthroattroutcatchere2b,Cutthroat Trout Catcher,Oceanus,"Smith, Collins and Johnson",100,10,Fishing
Jack Inch,2035-01-01,2035-05-07,haddockhunter1a7,Haddock Hunter,Oceanus,Solis-Lopez,1500,70,Fishing
Melinda Manning,2034-12-23,2035-01-04,seawaysavvy102,Seaway Savvy,Uzifrica,Unknown,36800,190,Cargo_Vessel
Jack Inch,2033-08-01,2033-09-14,brinebuccaneer9fd,Brine Buccaneer,Oceanus,"Bennett, Jones and Miller",5600,70,Fishing
Junior Shurdlu,2035-02-08,2035-04-24,redfishraider677,Redfish Raider,Oceanus,House Group,1900,130,Fishing
Harvey Janus,2034-12-30,2035-01-24,roachraider7ce,Roach Raider,Icarnia,"Franco, Olson and Long",300,50,Fishing
Olokun Daramola,2033-07-30,2033-09-21,europeaneelenthusiastf9f,European Eel Enthusiast,Oceanus,Dry CreekWorldLogistics Ltd. Liability Co,6300,150,Fishing
Harvey Janus,2035-01-20,2035-05-14,chainpickerelplunderer039,Chain Pickerel Plunderer,Oceanus,"Rodriguez, Henry and Woodard",800,50,Fishing
Jack Inch,2034-04-15,2034-05-05,marinersmate8ee,Mariner's Mate,Oceanus,Decker PLC,400,30,Fishing
Junior Shurdlu,2033-09-12,2033-10-17,snooksnatcherbdb,Snook Snatcher,Alverossia,Solis-Lopez,4300,110,Fishing
Olokun Daramola,2034-01-20,2034-02-09,squidsquad7fd,Squid Squad,Oceanus,Thompson-Padilla,200,60,Fishing
Junior Shurdlu,2034-10-27,2035-02-19,baitedbreath538,Baited Breath,Oceanus,"Faulkner, Shaffer and Moyer",700,110,Fishing
Junior Shurdlu,2034-10-15,2034-10-29,blueharbor2c1,Blue Harbor,Mawalara,Unknown,75700,130,Cargo_Vessel
Harvey Janus,2034-05-28,2034-09-04,goldentroutgrabber7f6,Golden Trout Grabber,Oceanus,"Carter, Mcdonald and Miller",2500,60,Fishing
Melinda Manning,2033-08-11,2033-12-28,yellowbullheadbuccaneer968,Yellow Bullhead Buccaneer,Oceanus,"Franco, Olson and Long",2800,70,Fishing
Harvey Janus,2033-08-27,2033-09-11,tunatrawlerafd,Tuna Trawler,Oceanus,"Williams, Horn and Morales",300,60,Fishing
Olokun Daramola,2034-11-21,2034-12-06,cargocentric4d0,Cargo Centric,Lumindoria,Unknown,2100,90,Cargo_Vessel
Junior Shurdlu,2033-09-26,2033-12-05,ladyfishlooter7ea,Ladyfish Looter,Oceanus,"Smith, Collins and Johnson",800,20,Fishing
Harvey Janus,2035-01-29,2035-05-21,deepseadrifter9f2,Deepsea Drifter,Oceanus,Garcia-Wallace,900,50,Fishing
Junior Shurdlu,2034-09-01,2034-12-06,seahunter56b,Sea Hunter,Arvekalia,Steele PLC,10600,120,Fishing
Melinda Manning,2034-10-29,2034-11-14,freightfrontiers1bc,Freight Frontiers,Brindivaria,Unknown,41300,100,Cargo_Vessel
juniorshurdlu794,2033-08-12,2033-10-09,honorablea6e,Honorable,Oceanus,Unknown,NA,NA,Ferry_Passenger
Melinda Manning,2034-03-03,2034-05-27,bluegillbandita5f,Bluegill Bandit,Oceanus,Lane Group,3900,50,Fishing
Olokun Daramola,2034-12-31,2035-03-21,eelenthusiast8c6,Eel Enthusiast,Oceanus,Sutton PLC,2500,80,Fishing
Harvey Janus,2035-02-17,2035-07-13,costasmeraldaac7,Costa Smeralda,Oceanus,Garcia-Sanchez,600,80,Fishing
Clepper Jessen,2033-09-20,2033-11-11,clownfishe3d,Clown Fish,Oceanus,Unknown,NA,NA,Tour
Harvey Janus,2034-12-03,2034-12-15,maritimemomentumfab,Maritime Momentum,Playa Solis,Unknown,76300,220,Cargo_Vessel
Jack Inch,2034-08-15,2034-10-10,seaserpent4b4,Sea Serpent,Oceanus,"Smith, Collins and Johnson",3500,110,Fishing
Harvey Janus,2033-12-25,2034-04-15,walleyewranglerda0,Walleye Wrangler,Oceanus,Callahan-Green,4400,130,Fishing
juniorshurdlu794,2033-07-21,2033-08-20,louietheii3e0,Louie the II,Oceanus,Unknown,NA,75,Other
Jack Inch,2033-08-06,2033-10-29,eelensnarerd3a,Eel Ensnarer,Oceanus,"Green, Vincent and Thompson",10400,150,Fishing
Melinda Manning,2034-11-26,2034-12-09,harborhelios585,Harbor Helios,Lumakari,Unknown,2100,110,Cargo_Vessel
Olokun Daramola,2034-01-30,2034-06-24,bigeyetunabanditb73,Bigeye Tuna Bandit,Oceanus,Lake Malawi  Corp United,11100,110,Fishing
Melinda Manning,2035-01-10,2035-03-26,lobsterlooterd41,Lobster Looter,Oceanus,Wolf and Sons,800,60,Fishing
Junior Shurdlu,2035-02-17,2035-03-01,shipmatrix9b4,Ship Matrix,Khamseena,Unknown,2100,110,Cargo_Vessel
Jack Inch,2033-11-30,2034-02-12,oysteropener442,Oyster Opener,Oceanus,Hernandez Group,3000,80,Fishing
Melinda Manning,2035-01-11,2035-01-27,cargocatalystb02,Cargo Catalyst,Nyxonix,Unknown,76000,210,Cargo_Vessel
Olokun Daramola,2033-07-18,2033-09-12,channelcatfishcapturer175,Channel Catfish Capturer,Oceanus,Lowery-Myers,3900,60,Fishing
Jack Inch,2034-01-09,2034-04-16,trawlertriumph31f,Trawler Triumph,Oceanus,"Terry, Smith and Lyons",5000,80,Fishing
Junior Shurdlu,2033-07-11,2033-10-25,spanishmackerelmaster037,Spanish Mackerel Master,Oceanus,Ritter Ltd,2400,90,Fishing
Harvey Janus,2034-05-28,2034-08-31,bonefishbaiter565,Bonefish Baiter,Nalakond,Garcia-Wallace,9100,130,Fishing
Harvey Janus,2034-07-08,2034-09-10,kingfisher87d,Kingfisher,Oceanus,Horne Group,400,10,Fishing
Jack Inch,2034-01-16,2034-03-14,tunataker80c,Tuna Taker,Oceanus,"Fischer, Graham and Robinson",1700,30,Fishing
Junior Shurdlu,2033-09-23,2033-12-20,tarpontaker6cd,Tarpon Taker,Oceanus,"Terry, Smith and Lyons",400,50,Fishing
Junior Shurdlu,2034-04-06,2034-04-30,fishfinderb9d,Fish Finder,Oceanus,"Carter, Mcdonald and Miller",100,10,Fishing
Harvey Janus,2034-06-28,2034-10-28,kingfishcapturerbe7,Kingfish Capturer,Oceanus,"Rodriguez, Henry and Woodard",2900,110,Fishing
Melinda Manning,2034-12-19,2035-01-14,wahoowrangler016,Wahoo Wrangler,Oceanus,"Bell, Reynolds and Forbes",300,20,Fishing
Jack Inch,2034-07-11,2034-09-20,zanderzealotb23,Zander Zealot,Oceanus,"Mercado, French and Graham",2100,40,Fishing
Olokun Daramola,2034-04-07,2034-08-05,mackerelmaster0a5,Mackerel Master,Afarivaria,Chavez and Sons,4100,90,Fishing
Junior Shurdlu,2034-05-15,2034-09-11,ruddraiderced,Rudd Raider,Lumindoria,Maacama Ocean Worldwide LLC,1400,70,Fishing
Olokun Daramola,2033-07-13,2033-11-06,sailfishseeker8d5,Sailfish Seeker,Oceanus,Jordan and Sons,1300,70,Fishing
Olokun Daramola,2034-12-05,2034-12-18,transatlantic77d,Trans Atlantic,Luminkind,Unknown,2200,100,Cargo_Vessel
Junior Shurdlu,2034-07-19,2034-11-05,bluefintunabandit177,Bluefin Tuna Bandit,Oceanus,"Clark, Hall and Cole",4100,110,Fishing
juniorshurdlu794,2034-03-02,2034-06-26,respectable717,Respectable,Oceanus,Unknown,NA,NA,Ferry_Passenger
Melinda Manning,2034-10-28,2034-12-31,seabassbandit9ad,Sea Bass Bandit,Oceanus,Mccormick Group,6000,110,Fishing
Clepper Jessen,2034-07-27,2034-10-11,spiritofoceanus404,Spirit of Oceanus,Oceanus,Unknown,NA,NA,Tour
Jack Inch,2034-03-25,2034-08-17,barracudabandit836,Barracuda Bandit,Oceanus,"Smith, Davis and Acosta",1200,50,Fishing
Olokun Daramola,2034-12-01,2035-02-20,codcatcher04c,Cod Catcher,Oceanus,Martin-Case,300,50,Fishing
Olokun Daramola,2033-09-05,2033-11-18,europeanseabassbuccaneer777,European Seabass Buccaneer,Oceanus,Murphy and Sons,10300,130,Fishing
Junior Shurdlu,2034-10-19,2035-02-17,squidsquasherda9,Squid Squasher,Oceanus,Brown-Haas,4200,90,Fishing
Junior Shurdlu,2034-05-27,2034-09-27,bassbandit0d5,Bass Bandit,Oceanus,"Collins, Johnson and Lloyd",600,70,Fishing
Melinda Manning,2034-11-24,2035-03-26,cobiacapturere5e,Cobia Capturer,Oceanus,Chavez and Sons,10500,90,Fishing
Junior Shurdlu,2034-02-25,2034-05-27,flounderfinderd64,Flounder Finder,Oceanus,Sparmans Marine Carriers Oyj,1400,60,Fishing
Melinda Manning,2034-07-23,2034-11-23,salmonseeker630,Salmon Seeker,Oceanus,Thompson-Padilla,200,10,Fishing
Junior Shurdlu,2034-04-25,2034-07-07,northernpikepirated97,Northern Pike Pirate,Oceanus,Brown-Allen,3800,120,Fishing
Olokun Daramola,2033-10-22,2034-02-17,sailfishswindlerb4f,Sailfish Swindler,Oceanus,Mullins-Carrillo,4000,40,Fishing
Melinda Manning,2034-11-30,2035-02-11,muskellungemastere7c,Muskellunge Master,Osterivaro,Jordan and Sons,4400,110,Fishing
Jack Inch,2034-05-22,2034-07-11,seasirenf43,Sea Siren,Oceanus,Bowers Group,700,60,Fishing
Melinda Manning,2034-07-15,2034-10-14,steelheadstalkera87,Steelhead Stalker,Lumindoria,Chavez and Sons,4700,160,Fishing
Jack Inch,2034-01-22,2034-04-10,clamcatcherfb3,Clam Catcher,Oceanus,"Green, Vincent and Thompson",700,60,Fishing
Junior Shurdlu,2034-11-25,2035-03-01,brillbandit0a1,Brill Bandit,Oceanus,Mcpherson-Wright,2400,90,Fishing
Junior Shurdlu,2034-06-18,2034-07-10,huron1b3,Huron,Oceanus,Riley Inc,11700,130,Fishing
Harvey Janus,2034-09-27,2034-12-16,fishflingere29,Fish Flinger,Oceanus,"Robinson, Mcmillan and Watson",700,60,Fishing
Melinda Manning,2035-02-11,2035-06-18,muskellungemarauder78c,Muskellunge Marauder,Oceanus,Ritter Ltd,2900,80,Fishing
Melinda Manning,2034-04-04,2034-06-06,crappiecapturer875,Crappie Capturer,Kondarica,"Brown, Clarke and Martinez",1700,50,Fishing
Harvey Janus,2035-02-15,2035-03-02,freightfrequency5f65,Freight Frequency 5,Utoporiana,Unknown,2100,90,Cargo_Vessel
Junior Shurdlu,2033-11-05,2034-01-28,plaiceplundererba1,Plaice Plunderer,Oceanus,NortheastSeafood Carriers Ltd,4400,130,Fishing
Melinda Manning,2033-08-02,2033-09-07,albacoreassaulter482,Albacore Assaulter,Oceanus,Solis PLC,600,70,Fishing
Junior Shurdlu,2033-09-19,2034-02-09,seabreamseekerd8b,Seabream Seeker,Oceanus,Mullins-Carrillo,3600,110,Fishing
Olokun Daramola,2035-01-05,2035-03-27,wahoowarriord42,Wahoo Warrior,Oceanus,"Chambers, Hall and Walker",5300,70,Fishing
Melinda Manning,2033-12-28,2034-03-18,musselmaraudere9b,Mussel Marauder,Oceanus,Osborne and Sons,500,20,Fishing
Harvey Janus,2034-09-08,2034-10-31,americaneelenthusiastcfa,American Eel Enthusiast,Oceanus,"Conley, Benton and Miller",3400,100,Fishing
Olokun Daramola,2034-02-26,2034-04-08,mahimahimaster04f,Mahi-Mahi Master,Oceanus,Taylor-Sawyer,2600,60,Fishing
Harvey Janus,2034-02-20,2034-06-23,brownbullheadbriganded2,Brown Bullhead Brigand,Oceanus,Jacobson Inc,200,60,Fishing
Melinda Manning,2034-09-02,2034-12-15,bassbaiterb9f,Bass Baiter,Oceanus,Saltwater Sisters Company Marine,1100,70,Fishing
Melinda Manning,2033-09-01,2033-11-04,sardineseeker62e,Sardine Seeker,Oceanus,Costa de Oro Enterprises,2200,70,Fishing
Junior Shurdlu,2034-01-27,2034-04-15,blackdrumbanditc5b,Black Drum Bandit,Oceanus,Bailey-Mccullough,11800,120,Fishing
Harvey Janus,2034-08-29,2035-01-11,graylinggrabber802,Grayling Grabber,Oceanus,"Nielsen, Valentine and Bell",300,70,Fishing
Harvey Janus,2035-01-14,2035-05-04,browntroutbandite67,Brown Trout Bandit,Oceanus,Ballard-Bailey,4900,100,Fishing
Jack Inch,2033-12-01,2033-12-27,kingsalmonking5b4,King Salmon King,Oceanus,"Chase, Long and Anderson",10300,130,Fishing
Olokun Daramola,2035-02-23,2035-06-11,salmonsnatcher19d,Salmon Snatcher,Oceanus,Vasquez-Gonzalez,3000,140,Fishing
Junior Shurdlu,2035-02-11,2035-06-16,amberjackassaulterd52,Amberjack Assaulter,Oceanus,"Williams, Horn and Morales",300,20,Fishing
Jack Inch,2033-10-30,2033-12-05,breambanditc85,Bream Bandit,Arvaros,Murphy and Sons,3500,60,Fishing
Harvey Janus,2033-09-22,2034-01-04,oceanoracle1d0,Ocean Oracle,Oceanus,Harper and Sons,8900,150,Fishing
Melinda Manning,2035-01-01,2035-04-30,whitesuckerwrangler0b3,White Sucker Wrangler,Oceanus,"Robinson, Mcmillan and Watson",600,30,Fishing
Melinda Manning,2034-09-22,2034-10-08,swimmingsafely92d,Swimming Safely,Oceanus,Tainamarine Fishing Co,100,20,Fishing
Harvey Janus,2035-02-20,2035-03-03,vesselvictory3738,Vessel Victory 3,Merigrad,Unknown,76300,230,Cargo_Vessel
Harvey Janus,2035-01-06,2035-01-21,oceanicoasis15f6,Oceanic Oasis 1,Utoparadia,Unknown,76300,230,Cargo_Vessel
Harvey Janus,2035-01-03,2035-01-14,harborhalo9dd6,Harbor Halo 9,Calabrand,Unknown,2100,90,Cargo_Vessel
Jack Inch,2034-12-08,2034-12-19,transpacificed8,Trans Pacific,Valtalmo,Unknown,70900,230,Cargo_Vessel
Olokun Daramola,2034-12-06,2034-12-26,freightfirm27f,Freight Firm,Playa Solis,Unknown,2100,180,Cargo_Vessel
Harvey Janus,2033-09-07,2033-11-17,catfishcapturer7a8,Catfish Capturer,Oceanus,Ritter Ltd,1400,60,Fishing
Junior Shurdlu,2033-10-18,2034-02-03,opheliacac,Ophelia,Oceanus,Mcdonald-Jones,1400,60,Fishing
Jack Inch,2034-03-03,2034-06-10,aquaticpursuitf31,Aquatic Pursuit,Syrithania,George-Brown,7600,130,Fishing
Jack Inch,2035-01-04,2035-05-04,whitemarlinwranglerbac,White Marlin Wrangler,Oceanus,Callahan-Green,500,20,Fishing
Melinda Manning,2034-02-03,2034-06-28,tautogtaker867,Tautog Taker,Oceanus,Costa de Oro Enterprises,1900,120,Fishing
Jack Inch,2034-12-31,2035-01-17,seawayspectra490,Seaway Spectra,Oceanus,Unknown,74700,230,Cargo_Vessel
Olokun Daramola,2035-02-12,2035-03-04,cargocircuit26cc,Cargo Circuit 2,Kethanor,Unknown,21700,200,Cargo_Vessel
Junior Shurdlu,2033-07-12,2033-07-27,crabcatcher1aa,Crab Catcher,Oceanus,SamakaDredgeTransport OJSC,3600,100,Fishing
juniorshurdlu794,2034-07-03,2034-11-30,louieda4,Louie,Oceanus,Unknown,NA,75,Other
Harvey Janus,2033-11-08,2034-02-19,weakfishwranglerd3c,Weakfish Wrangler,Oceanus,Gomez-Mccormick,12100,140,Fishing
Jack Inch,2034-05-05,2034-09-16,roachrobberdb6,Roach Robber,Oceanus,SouthSeafood Express Corp,11700,130,Fishing
Jack Inch,2035-01-13,2035-01-26,oceanicoasisd3f,Oceanic Oasis,Brindisola,Unknown,2100,130,Cargo_Vessel
Jack Inch,2034-05-05,2034-09-16,posiedonsparadise7e6,Posiedon's Paradise,Oceanus,Tainamarine Fishing Co,11700,130,Fishing
Olokun Daramola,2033-11-30,2033-12-11,prawnpredator5d7,Prawn Predator,Oceanus,"Cordova, Ritter and Flores",100,10,Fishing
Junior Shurdlu,2034-10-14,2034-10-29,seasovereignc6e,Sea Sovereign,Gavanovia,Unknown,2100,90,Cargo_Vessel
Olokun Daramola,2035-02-14,2035-03-01,oceanicodyssey11207,Oceanic Odyssey 11,Isla Solmar,Unknown,2100,90,Cargo_Vessel
Jack Inch,2035-02-01,2035-02-20,freightfortef0d,Freight Forte,Valtalmo,Unknown,76300,230,Cargo_Vessel
Melinda Manning,2035-02-25,2035-03-16,nauticalnetworks865,Nautical Networks,Baziuzim,Unknown,2100,90,Cargo_Vessel
Jack Inch,2033-06-18,2033-07-18,whitemarlinmasterfa1,White Marlin Master,Oceanus,Mendez-Tyler,800,90,Fishing
Olokun Daramola,2035-01-02,2035-01-18,maritimemiraclef85,Maritime Miracle,Coralmarica,Unknown,4800,110,Cargo_Vessel
Jack Inch,2034-11-20,2034-12-08,vesselvanguardbf2,Vessel Vanguard,Orvietola,Unknown,2100,90,Cargo_Vessel
Melinda Manning,2034-11-15,2034-12-01,seasystem375,Sea System,Thessalandia,Unknown,45600,230,Cargo_Vessel
Melinda Manning,2034-12-25,2035-01-10,seasanctuary505,Sea Sanctuary,Playa Solis,Unknown,3400,150,Cargo_Vessel
Harvey Janus,2034-11-03,2034-11-18,seasystem3e22,Sea System 3,Kethanor,Unknown,2200,210,Cargo_Vessel
Junior Shurdlu,2034-05-28,2034-07-18,athenad34,Athena,Oceanus,Unknown,NA,NA,Research
Olokun Daramola,2034-10-19,2034-11-08,freightforte6f28,Freight Forte 6,Novarctica,Unknown,2300,100,Cargo_Vessel
Olokun Daramola,2034-11-25,2034-12-13,vesselvistad0c,Vessel Vista,Anderia del Mar,Unknown,12800,160,Cargo_Vessel
Melinda Manning,2034-10-16,2034-10-27,nauticalnirvana874,Nautical Nirvana,Rio Solovia,Unknown,2100,210,Cargo_Vessel
Jack Inch,2034-11-01,2034-11-19,oceanoptimum9f4,Ocean Optimum,Marebak,Unknown,9400,110,Cargo_Vessel
Melinda Manning,2035-02-24,2035-03-10,maritimemomentum8d12,Maritime Momentum 8,Novarcticaa,Unknown,8100,220,Cargo_Vessel
Harvey Janus,2034-11-30,2034-12-20,transpolar2a4,Trans Polar,Vientoro,Unknown,11600,150,Cargo_Vessel
Melinda Manning,2035-02-07,2035-02-18,maritimemover13f,Maritime Mover,Orvietola,Unknown,2100,140,Cargo_Vessel
Junior Shurdlu,2034-11-08,2034-11-22,transoceane48,Trans Ocean,Yggdrasonia,Unknown,33800,90,Cargo_Vessel
Junior Shurdlu,2035-02-25,2035-03-11,maritimemastersd93,Maritime Masters,Zawalinda,Unknown,72400,220,Cargo_Vessel
Junior Shurdlu,2034-12-17,2035-01-03,seasphere38e,Sea Sphere,Orvietola,Unknown,62300,160,Cargo_Vessel
Jack Inch,2034-11-08,2034-11-21,transatlantic47a9,Trans Atlantic 4,Talandria,Unknown,76300,230,Cargo_Vessel
Jack Inch,2035-02-09,2035-02-20,cargocircuit545,Cargo Circuit,Utoparadia,Unknown,30700,220,Cargo_Vessel
Olokun Daramola,2034-11-27,2034-12-07,seawayservicesc71,Seaway Services,Rio Solovia,Unknown,25300,100,Cargo_Vessel
Jack Inch,2035-02-26,2035-03-17,harborhalo603,Harbor Halo,Helixia,Unknown,2100,90,Cargo_Vessel
Jack Inch,2034-12-12,2034-12-28,oceanicodyssey5dd,Oceanic Odyssey,Vesperlandia,Unknown,76300,230,Cargo_Vessel
Junior Shurdlu,2034-11-11,2034-11-28,nauticalnimbusa99,Nautical Nimbus,Helixia,Unknown,2100,180,Cargo_Vessel
Jack Inch,2034-12-31,2035-01-19,harborhavenf91,Harbor Haven,Mawalara,Unknown,6200,90,Cargo_Vessel
Olokun Daramola,2034-10-21,2034-11-02,maritimematrix51a,Maritime Matrix,Helixia,Unknown,2100,150,Cargo_Vessel
Melinda Manning,2035-02-04,2035-02-15,vesselventure46e5,Vessel Venture 4,Novarcticaa,Unknown,71500,230,Cargo_Vessel
Junior Shurdlu,2034-12-27,2035-01-06,nauticalnexus1a5d,Nautical Nexus 1,Riodelsol,Unknown,2600,210,Cargo_Vessel
Olokun Daramola,2034-10-30,2034-11-12,freightfrontiers7134,Freight Frontiers 7,Azurionix,Unknown,35100,100,Cargo_Vessel
Harvey Janus,2034-11-06,2034-11-25,transglobal266,Trans Global,Faraluna,Unknown,2100,130,Cargo_Vessel
Olokun Daramola,2034-11-15,2034-11-25,seasentry2e28,Sea Sentry 2,Kuzalanda,Unknown,2100,150,Cargo_Vessel
Junior Shurdlu,2034-11-23,2034-12-08,cargocosmoscde,Cargo Cosmos,Coralada,Unknown,2100,90,Cargo_Vessel
Jack Inch,2034-10-16,2034-10-26,oceanicline3de,Oceanic Line,Ariuzima,Unknown,13900,220,Cargo_Vessel
Melinda Manning,2034-10-25,2034-11-13,oceanicoverturec58,Oceanic Overture,Uzifrica,Unknown,75600,170,Cargo_Vessel
Jack Inch,2034-12-31,2035-01-12,harborhorizon6c6,Harbor Horizon,Islavaria,Unknown,76300,230,Cargo_Vessel
Melinda Manning,2034-12-08,2034-12-28,transcontinentalcf3,Trans Continental,Isla Solmar,Unknown,2100,90,Cargo_Vessel
Jack Inch,2034-11-07,2034-11-24,freightfrequencyfea,Freight Frequency,Utoparadia,Unknown,73700,220,Cargo_Vessel
Olokun Daramola,2034-12-16,2035-01-03,harborholdings797,Harbor Holdings,Riodelsol,Unknown,76300,230,Cargo_Vessel
Harvey Janus,2035-01-23,2035-02-05,seawaysurgeb1c,Seaway Surge,Coralada,Unknown,35900,130,Cargo_Vessel
Olokun Daramola,2035-02-12,2035-03-01,harborhorizon10ecb,Harbor Horizon 10,Novarctica,Unknown,63200,140,Cargo_Vessel
Olokun Daramola,2035-02-19,2035-03-09,cargocrestb7c,Cargo Crest,Imazam,Unknown,2100,90,Cargo_Vessel
Melinda Manning,2034-11-15,2034-12-04,freightflux254,Freight Flux,Mango del Oro,Unknown,68100,120,Cargo_Vessel
Olokun Daramola,2034-11-06,2034-11-25,nauticalnexus6cc,Nautical Nexus,Utoporiana,Unknown,75900,200,Cargo_Vessel
Melinda Manning,2034-10-26,2034-11-08,oceanicoracle2bf2,Oceanic Oracle 2,Myriadonia,Unknown,76200,230,Cargo_Vessel
Melinda Manning,2034-11-06,2034-11-17,transglobal607c,Trans Global 6,Thessalandia,Unknown,76300,210,Cargo_Vessel
Junior Shurdlu,2035-01-27,2035-02-14,vesselventuresc7e,Vessel Ventures,Nyxonix,Unknown,76300,230,Cargo_Vessel
Junior Shurdlu,2035-01-05,2035-01-16,freightfusion141,Freight Fusion,Solovarossa,Unknown,22200,190,Cargo_Vessel
Melinda Manning,2035-01-03,2035-01-22,nauticalnucleusc5a,Nautical Nucleus,Valtalmo,Unknown,49500,210,Cargo_Vessel
Jack Inch,2034-10-28,2034-11-09,freightfountaind90,Freight Fountain,Nyxonix,Unknown,76300,230,Cargo_Vessel
Melinda Manning,2035-02-02,2035-02-13,cargocynosure29d,Cargo Cynosure,Islavaria,Unknown,45300,220,Cargo_Vessel
Junior Shurdlu,2034-11-30,2034-12-12,vesselvanguard5d06,Vessel Vanguard 5,Khamseena,Unknown,2100,110,Cargo_Vessel
Olokun Daramola,2034-11-03,2034-11-19,cargocentric443e,Cargo Centric 4,Playa Solis,Unknown,2100,90,Cargo_Vessel
Melinda Manning,2034-11-26,2034-12-06,vesselvortex355,Vessel Vortex,Marifada,Unknown,72800,220,Cargo_Vessel
Jack Inch,2035-02-25,2035-03-17,vesselvictoryafd,Vessel Victory,Nalaloria,Unknown,66500,170,Cargo_Vessel
Olokun Daramola,2034-10-15,2034-11-04,aquatransit6bc,Aqua Transit,Korvelonia,Unknown,76300,220,Cargo_Vessel
Harvey Janus,2035-01-21,2035-02-06,harborhelix456,Harbor Helix,Kondarivakia,Unknown,2100,120,Cargo_Vessel
Junior Shurdlu,2035-01-05,2035-01-23,seasolutions4d5,Sea Solutions,Nyxonix,Unknown,2100,130,Cargo_Vessel
Harvey Janus,2034-12-08,2034-12-27,seawaysynergybaf,Seaway Synergy,Puerto del Mar,Unknown,76300,230,Cargo_Vessel
Melinda Manning,2035-01-02,2035-01-19,seawaysynergy8489,Seaway Synergy 8,Azurionix,Unknown,2100,120,Cargo_Vessel
Junior Shurdlu,2034-12-30,2035-01-17,transpacific5ada,Trans Pacific 5,Arreciviento,Unknown,60600,130,Cargo_Vessel
Jack Inch,2035-02-14,2035-02-27,seasentry1d3,Sea Sentry,Uziland,Unknown,19200,100,Cargo_Vessel
Junior Shurdlu,2034-12-02,2034-12-20,nauticalnomad11356,Nautical Nomad 11,Zambarka,Unknown,76300,230,Cargo_Vessel
Olokun Daramola,2034-12-12,2034-12-29,bulkcarriers6cd,Bulk Carriers,Sirenareef,Unknown,74000,200,Cargo_Vessel
Melinda Manning,2035-01-10,2035-01-27,seasentinel24e,Sea Sentinel,Alverossia,Unknown,76300,200,Cargo_Vessel
Melinda Manning,2034-11-18,2034-12-07,nauticalnavigatorabd,Nautical Navigator,Kilivaria,Unknown,76000,230,Cargo_Vessel
Olokun Daramola,2035-01-28,2035-02-17,seawayspectrumca2,Seaway Spectrum,Kethanor,Unknown,2600,100,Cargo_Vessel
Harvey Janus,2034-10-17,2034-11-01,oceanicomnipotenta4a,Oceanic Omnipotent,Playa Solis,Unknown,76300,210,Cargo_Vessel
Junior Shurdlu,2033-07-19,2033-10-03,heartofoceanusf11,Heart of Oceanus,Oceanus,Unknown,NA,NA,Tour
Harvey Janus,2034-11-25,2034-12-15,seawaysage5ce,Seaway Sage,Coralada,Unknown,2100,100,Cargo_Vessel
Junior Shurdlu,2034-11-30,2034-12-15,nauticalnucleus107c4,Nautical Nucleus 10,Zawalinda,Unknown,2100,100,Cargo_Vessel
Melinda Manning,2034-11-14,2034-12-03,maritimemagnitude2e9,Maritime Magnitude,Gavanovia,Unknown,2100,90,Cargo_Vessel
